CREATE DATABASE  IF NOT EXISTS `mytickets` /*!40100 DEFAULT CHARACTER SET latin1 */;
USE `mytickets`;
-- MySQL dump 10.13  Distrib 5.6.13, for osx10.6 (i386)
--
-- Host: 127.0.0.1    Database: mytickets
-- ------------------------------------------------------
-- Server version	5.6.16

/*!40101 SET @OLD_CHARACTER_SET_CLIENT=@@CHARACTER_SET_CLIENT */;
/*!40101 SET @OLD_CHARACTER_SET_RESULTS=@@CHARACTER_SET_RESULTS */;
/*!40101 SET @OLD_COLLATION_CONNECTION=@@COLLATION_CONNECTION */;
/*!40101 SET NAMES utf8 */;
/*!40103 SET @OLD_TIME_ZONE=@@TIME_ZONE */;
/*!40103 SET TIME_ZONE='+00:00' */;
/*!40014 SET @OLD_UNIQUE_CHECKS=@@UNIQUE_CHECKS, UNIQUE_CHECKS=0 */;
/*!40014 SET @OLD_FOREIGN_KEY_CHECKS=@@FOREIGN_KEY_CHECKS, FOREIGN_KEY_CHECKS=0 */;
/*!40101 SET @OLD_SQL_MODE=@@SQL_MODE, SQL_MODE='NO_AUTO_VALUE_ON_ZERO' */;
/*!40111 SET @OLD_SQL_NOTES=@@SQL_NOTES, SQL_NOTES=0 */;

--
-- Table structure for table `Bookings`
--

DROP TABLE IF EXISTS `Bookings`;
/*!40101 SET @saved_cs_client     = @@character_set_client */;
/*!40101 SET character_set_client = utf8 */;
CREATE TABLE `Bookings` (
  `BOOKING_ID` int(11) NOT NULL AUTO_INCREMENT,
  `bookingDate` date DEFAULT NULL,
  `numberOfTickets` int(11) DEFAULT NULL,
  `PAYMENT_ID` int(11) DEFAULT NULL,
  `user_USER_ID` varchar(255) DEFAULT NULL,
  `USER_ID` varchar(255) DEFAULT NULL,
  PRIMARY KEY (`BOOKING_ID`),
  KEY `FK_stq2isbf2q183hlfjvip2typh` (`PAYMENT_ID`),
  KEY `FK_46leb99rfc7rdbvt5e751mll5` (`user_USER_ID`),
  KEY `FK_jpl5wlj97gwdnrrl78cqdotqe` (`USER_ID`),
  CONSTRAINT `FK_46leb99rfc7rdbvt5e751mll5` FOREIGN KEY (`user_USER_ID`) REFERENCES `User` (`USER_ID`),
  CONSTRAINT `FK_jpl5wlj97gwdnrrl78cqdotqe` FOREIGN KEY (`USER_ID`) REFERENCES `User` (`USER_ID`),
  CONSTRAINT `PAYMENT_ID` FOREIGN KEY (`PAYMENT_ID`) REFERENCES `Payment` (`PAYMENT_ID`) ON DELETE NO ACTION ON UPDATE NO ACTION
) ENGINE=InnoDB AUTO_INCREMENT=114 DEFAULT CHARSET=latin1;
/*!40101 SET character_set_client = @saved_cs_client */;

--
-- Dumping data for table `Bookings`
--

LOCK TABLES `Bookings` WRITE;
/*!40000 ALTER TABLE `Bookings` DISABLE KEYS */;
INSERT INTO `Bookings` VALUES (100,'2014-04-16',4,100,'dummy@gmail.com',NULL),(105,'2014-04-18',2,101,'dummy@gmail.com',NULL),(106,'2014-04-18',4,102,'surajc0309@gmail.com',NULL),(107,'2014-04-18',4,103,'surajc0309@gmail.com',NULL),(108,'2014-04-19',5,104,'surajc0309@gmail.com',NULL),(109,'2014-04-20',3,105,'surajc0309@gmail.com',NULL),(110,'2014-04-20',3,106,'surajc0309@gmail.com',NULL),(111,'2014-04-20',4,107,'surajc0309@gmail.com',NULL),(112,'2014-04-21',3,108,'surajc0309@gmail.com',NULL),(113,'2014-04-22',3,109,'surajc0309@gmail.com',NULL);
/*!40000 ALTER TABLE `Bookings` ENABLE KEYS */;
UNLOCK TABLES;

--
-- Table structure for table `Category`
--

DROP TABLE IF EXISTS `Category`;
/*!40101 SET @saved_cs_client     = @@character_set_client */;
/*!40101 SET character_set_client = utf8 */;
CREATE TABLE `Category` (
  `CATEGORY_ID` int(11) NOT NULL AUTO_INCREMENT,
  `name` varchar(255) DEFAULT NULL,
  PRIMARY KEY (`CATEGORY_ID`)
) ENGINE=InnoDB DEFAULT CHARSET=latin1;
/*!40101 SET character_set_client = @saved_cs_client */;

--
-- Dumping data for table `Category`
--

LOCK TABLES `Category` WRITE;
/*!40000 ALTER TABLE `Category` DISABLE KEYS */;
/*!40000 ALTER TABLE `Category` ENABLE KEYS */;
UNLOCK TABLES;

--
-- Table structure for table `Category_Movie`
--

DROP TABLE IF EXISTS `Category_Movie`;
/*!40101 SET @saved_cs_client     = @@character_set_client */;
/*!40101 SET character_set_client = utf8 */;
CREATE TABLE `Category_Movie` (
  `Category_CATEGORY_ID` int(11) NOT NULL AUTO_INCREMENT,
  `movieList_MOVIE_ID` int(11) NOT NULL,
  KEY `FK_t7pvaboa90v4hyuhgoeegu0ll` (`movieList_MOVIE_ID`),
  KEY `FK_f4v982q5cgdq3vkytktple5hc` (`Category_CATEGORY_ID`),
  CONSTRAINT `movieList_MOVIE_ID` FOREIGN KEY (`movieList_MOVIE_ID`) REFERENCES `Movie` (`MOVIE_ID`) ON DELETE NO ACTION ON UPDATE NO ACTION
) ENGINE=InnoDB DEFAULT CHARSET=latin1;
/*!40101 SET character_set_client = @saved_cs_client */;

--
-- Dumping data for table `Category_Movie`
--

LOCK TABLES `Category_Movie` WRITE;
/*!40000 ALTER TABLE `Category_Movie` DISABLE KEYS */;
/*!40000 ALTER TABLE `Category_Movie` ENABLE KEYS */;
UNLOCK TABLES;

--
-- Table structure for table `Cinema`
--

DROP TABLE IF EXISTS `Cinema`;
/*!40101 SET @saved_cs_client     = @@character_set_client */;
/*!40101 SET character_set_client = utf8 */;
CREATE TABLE `Cinema` (
  `CINEMA_ID` int(11) NOT NULL AUTO_INCREMENT,
  `address` varchar(255) DEFAULT NULL,
  `name` varchar(255) NOT NULL,
  `phone` varchar(255) DEFAULT NULL,
  `city_CITY_ID` int(11) DEFAULT NULL,
  `CITY_ID` int(11) DEFAULT NULL,
  PRIMARY KEY (`CINEMA_ID`),
  UNIQUE KEY `name_UNIQUE` (`name`),
  KEY `CITY_ID_idx` (`CITY_ID`),
  KEY `city_CITY_ID_idx` (`city_CITY_ID`),
  CONSTRAINT `city_CITY_ID` FOREIGN KEY (`city_CITY_ID`) REFERENCES `City` (`CITY_ID`) ON DELETE NO ACTION ON UPDATE NO ACTION,
  CONSTRAINT `CITY_ID` FOREIGN KEY (`CITY_ID`) REFERENCES `City` (`CITY_ID`) ON DELETE NO ACTION ON UPDATE NO ACTION
) ENGINE=InnoDB AUTO_INCREMENT=102 DEFAULT CHARSET=latin1;
/*!40101 SET character_set_client = @saved_cs_client */;

--
-- Dumping data for table `Cinema`
--

LOCK TABLES `Cinema` WRITE;
/*!40000 ALTER TABLE `Cinema` DISABLE KEYS */;
INSERT INTO `Cinema` VALUES (100,'175 Tremont St, Boston, MA 02111','AMC Loews','6174235801',100,100),(101,'1 Kendall Square, Cambridge, MA 02139','Kendall Square Cinema','6176211202',100,100);
/*!40000 ALTER TABLE `Cinema` ENABLE KEYS */;
UNLOCK TABLES;

--
-- Table structure for table `City`
--

DROP TABLE IF EXISTS `City`;
/*!40101 SET @saved_cs_client     = @@character_set_client */;
/*!40101 SET character_set_client = utf8 */;
CREATE TABLE `City` (
  `CITY_ID` int(11) NOT NULL AUTO_INCREMENT,
  `cityName` varchar(255) DEFAULT NULL,
  PRIMARY KEY (`CITY_ID`),
  UNIQUE KEY `cityName_UNIQUE` (`cityName`)
) ENGINE=InnoDB AUTO_INCREMENT=104 DEFAULT CHARSET=latin1;
/*!40101 SET character_set_client = @saved_cs_client */;

--
-- Dumping data for table `City`
--

LOCK TABLES `City` WRITE;
/*!40000 ALTER TABLE `City` DISABLE KEYS */;
INSERT INTO `City` VALUES (100,'Boston'),(102,'New York'),(103,'Paris'),(101,'Pittsburgh');
/*!40000 ALTER TABLE `City` ENABLE KEYS */;
UNLOCK TABLES;

--
-- Table structure for table `Comments`
--

DROP TABLE IF EXISTS `Comments`;
/*!40101 SET @saved_cs_client     = @@character_set_client */;
/*!40101 SET character_set_client = utf8 */;
CREATE TABLE `Comments` (
  `COMMENT_ID` int(11) NOT NULL,
  `comment` varchar(255) DEFAULT NULL,
  `movie_MOVIE_ID` int(11) DEFAULT NULL,
  `user_USER_ID` varchar(255) DEFAULT NULL,
  `USER_ID` varchar(255) DEFAULT NULL,
  PRIMARY KEY (`COMMENT_ID`),
  KEY `FK_j01yapeaekp3p4t5nm4i6yhq0` (`user_USER_ID`),
  KEY `FK_g9rgtxv4iv14buhns0dxjlq50` (`USER_ID`),
  KEY `movie_MOVIE_ID_idx` (`movie_MOVIE_ID`),
  CONSTRAINT `FK_g9rgtxv4iv14buhns0dxjlq50` FOREIGN KEY (`USER_ID`) REFERENCES `User` (`USER_ID`),
  CONSTRAINT `FK_j01yapeaekp3p4t5nm4i6yhq0` FOREIGN KEY (`user_USER_ID`) REFERENCES `User` (`USER_ID`)
) ENGINE=InnoDB DEFAULT CHARSET=latin1;
/*!40101 SET character_set_client = @saved_cs_client */;

--
-- Dumping data for table `Comments`
--

LOCK TABLES `Comments` WRITE;
/*!40000 ALTER TABLE `Comments` DISABLE KEYS */;
/*!40000 ALTER TABLE `Comments` ENABLE KEYS */;
UNLOCK TABLES;

--
-- Table structure for table `Movie`
--

DROP TABLE IF EXISTS `Movie`;
/*!40101 SET @saved_cs_client     = @@character_set_client */;
/*!40101 SET character_set_client = utf8 */;
CREATE TABLE `Movie` (
  `MOVIE_ID` int(11) NOT NULL AUTO_INCREMENT,
  `actor` varchar(255) DEFAULT NULL,
  `actress` varchar(255) DEFAULT NULL,
  `name` varchar(255) DEFAULT NULL,
  `category_CATEGORY_ID` int(11) DEFAULT NULL,
  PRIMARY KEY (`MOVIE_ID`),
  UNIQUE KEY `name_UNIQUE` (`name`),
  KEY `category_CATEGORY_ID_idx` (`category_CATEGORY_ID`),
  CONSTRAINT `Category_CATEGORY_ID` FOREIGN KEY (`category_CATEGORY_ID`) REFERENCES `Category` (`CATEGORY_ID`) ON DELETE NO ACTION ON UPDATE NO ACTION
) ENGINE=InnoDB AUTO_INCREMENT=117 DEFAULT CHARSET=latin1;
/*!40101 SET character_set_client = @saved_cs_client */;

--
-- Dumping data for table `Movie`
--

LOCK TABLES `Movie` WRITE;
/*!40000 ALTER TABLE `Movie` DISABLE KEYS */;
INSERT INTO `Movie` VALUES (100,NULL,NULL,'Rush',NULL),(101,'leo','jin','Crook',NULL),(102,'Jim','Larry','Jaws',NULL),(103,'Kate','Jim','Titanic',NULL),(104,NULL,NULL,'Skyfall',NULL),(106,'Leo','Kate','Island',NULL),(107,NULL,NULL,'Joe',NULL),(108,NULL,NULL,'oculus',NULL),(109,NULL,NULL,'Divergent',NULL),(110,NULL,NULL,'Noah',NULL),(112,'Leo','Cris','Inception',NULL),(113,'Tom','Julia','Avatar',NULL),(114,'Steve Cooger','Judi Dench','Philemena',NULL),(115,'Christian Bail','Jennifer Lawrence','American Hustle',NULL),(116,'','','',NULL);
/*!40000 ALTER TABLE `Movie` ENABLE KEYS */;
UNLOCK TABLES;

--
-- Table structure for table `MovieShowing`
--

DROP TABLE IF EXISTS `MovieShowing`;
/*!40101 SET @saved_cs_client     = @@character_set_client */;
/*!40101 SET character_set_client = utf8 */;
CREATE TABLE `MovieShowing` (
  `MOVIESHOWING_ID` int(11) NOT NULL AUTO_INCREMENT,
  `movieEndDate` date DEFAULT NULL,
  `movieStartDate` date DEFAULT NULL,
  `cinema_CINEMA_ID` int(11) NOT NULL,
  `movie_MOVIE_ID` int(11) NOT NULL,
  `CINEMA_ID` int(11) DEFAULT NULL,
  PRIMARY KEY (`MOVIESHOWING_ID`),
  KEY `FK_m6yix7mk58ri9r3qqkfnb794k` (`movie_MOVIE_ID`),
  KEY `FK_1u64y4wj0hob28tam28ewk98d` (`MOVIESHOWING_ID`),
  KEY `FK_98drblg24qwa19sl07yu4trl5` (`CINEMA_ID`),
  KEY `cinema_CINEMA_ID_idx` (`cinema_CINEMA_ID`),
  CONSTRAINT `cinema_CINEMA_ID` FOREIGN KEY (`cinema_CINEMA_ID`) REFERENCES `Cinema` (`CINEMA_ID`) ON DELETE NO ACTION ON UPDATE NO ACTION,
  CONSTRAINT `CINEMA_ID` FOREIGN KEY (`CINEMA_ID`) REFERENCES `Cinema` (`CINEMA_ID`) ON DELETE NO ACTION ON UPDATE NO ACTION,
  CONSTRAINT `movie_MOVIE_ID` FOREIGN KEY (`movie_MOVIE_ID`) REFERENCES `Movie` (`MOVIE_ID`) ON DELETE NO ACTION ON UPDATE NO ACTION
) ENGINE=InnoDB AUTO_INCREMENT=216 DEFAULT CHARSET=latin1;
/*!40101 SET character_set_client = @saved_cs_client */;

--
-- Dumping data for table `MovieShowing`
--

LOCK TABLES `MovieShowing` WRITE;
/*!40000 ALTER TABLE `MovieShowing` DISABLE KEYS */;
INSERT INTO `MovieShowing` VALUES (200,'2014-04-19','2014-04-15',100,100,NULL),(201,'2014-05-16','2014-04-16',101,101,NULL),(202,'2014-10-16','2014-04-16',100,104,NULL),(203,'2014-05-17','2014-04-16',101,101,NULL),(204,'2014-05-11','2014-04-17',101,100,NULL),(207,'2014-10-31','2014-05-09',100,110,NULL),(208,'2014-09-05','2014-04-26',100,112,NULL),(209,'2014-05-03','2014-04-26',101,106,NULL),(210,'2014-06-07','2014-05-17',100,107,NULL),(211,'2014-04-30','2014-04-26',100,113,NULL),(212,'2014-05-31','2014-05-01',101,109,NULL),(213,'2014-04-30','2014-04-22',101,115,NULL),(214,'2014-05-20','2014-05-15',100,108,NULL),(215,'2014-04-30','2014-04-25',101,107,NULL);
/*!40000 ALTER TABLE `MovieShowing` ENABLE KEYS */;
UNLOCK TABLES;

--
-- Table structure for table `Payment`
--

DROP TABLE IF EXISTS `Payment`;
/*!40101 SET @saved_cs_client     = @@character_set_client */;
/*!40101 SET character_set_client = utf8 */;
CREATE TABLE `Payment` (
  `PAYMENT_ID` int(11) NOT NULL AUTO_INCREMENT,
  `address` varchar(255) DEFAULT NULL,
  `cardExpirationDate` datetime DEFAULT NULL,
  `cardId` int(11) DEFAULT NULL,
  `cardNumber` bigint(20) DEFAULT NULL,
  `paymentType` varchar(255) DEFAULT NULL,
  PRIMARY KEY (`PAYMENT_ID`)
) ENGINE=InnoDB AUTO_INCREMENT=110 DEFAULT CHARSET=latin1;
/*!40101 SET character_set_client = @saved_cs_client */;

--
-- Dumping data for table `Payment`
--

LOCK TABLES `Payment` WRITE;
/*!40000 ALTER TABLE `Payment` DISABLE KEYS */;
INSERT INTO `Payment` VALUES (100,'ueyorguqig','2014-04-25 00:00:00',439687,34789,'visa'),(101,'ieurgohgoi','2014-04-19 00:00:00',389,3410987,'visa'),(102,'jeglnrw','2014-04-19 00:00:00',394871,89437150,'visa'),(103,'jlrkhaegekw','2014-04-22 00:00:00',867,4568903,'visa'),(104,'eilurhgqeil','2014-04-23 00:00:00',9786,645967,'masterCard'),(105,'8pt4gnre','2014-04-23 00:00:00',978,791348,'masterCard'),(106,'8pt4gnre','2014-04-23 00:00:00',978,791348,'masterCard'),(107,'jlaerogiq','2014-04-23 00:00:00',8347,83590470,'visa'),(108,'qhueoilt','2014-04-25 00:00:00',976,4379,'masterCard'),(109,'owhrgw8','2014-05-01 00:00:00',97485,478925,'visa');
/*!40000 ALTER TABLE `Payment` ENABLE KEYS */;
UNLOCK TABLES;

--
-- Table structure for table `Showtime`
--

DROP TABLE IF EXISTS `Showtime`;
/*!40101 SET @saved_cs_client     = @@character_set_client */;
/*!40101 SET character_set_client = utf8 */;
CREATE TABLE `Showtime` (
  `SHOWTIME_ID` int(11) NOT NULL AUTO_INCREMENT,
  `availableSeats` int(11) DEFAULT '20',
  `date` date DEFAULT NULL,
  `showStartTime` varchar(255) DEFAULT NULL,
  `ticketPrice` double DEFAULT NULL,
  `movieShowing_MOVIESHOWING_ID` int(11) NOT NULL,
  PRIMARY KEY (`SHOWTIME_ID`),
  KEY `FK_38dtry0r84rljxcscin2jgbf9` (`movieShowing_MOVIESHOWING_ID`),
  CONSTRAINT `movieShowing_MOVIESHOWING_ID` FOREIGN KEY (`movieShowing_MOVIESHOWING_ID`) REFERENCES `MovieShowing` (`MOVIESHOWING_ID`) ON DELETE NO ACTION ON UPDATE NO ACTION
) ENGINE=InnoDB AUTO_INCREMENT=1202 DEFAULT CHARSET=latin1;
/*!40101 SET character_set_client = @saved_cs_client */;

--
-- Dumping data for table `Showtime`
--

LOCK TABLES `Showtime` WRITE;
/*!40000 ALTER TABLE `Showtime` DISABLE KEYS */;
INSERT INTO `Showtime` VALUES (600,20,'2014-04-16','12.00 pm',NULL,202),(601,20,'2014-04-16','12.00 pm',NULL,202),(602,20,'2014-04-17','12.00 pm',NULL,202),(603,20,'2014-04-17','12.00 pm',NULL,202),(604,20,'2014-04-18','12.00 pm',NULL,202),(605,20,'2014-04-18','12.00 pm',NULL,202),(606,20,'2014-04-19','12.00 pm',NULL,202),(607,20,'2014-04-19','12.00 pm',NULL,202),(608,16,'2014-04-20','12.00 pm',100,202),(609,20,'2014-04-20','12.00 pm',100,202),(610,20,'2014-04-21','12.00 pm',NULL,202),(611,20,'2014-04-21','12.00 pm',NULL,202),(612,20,'2014-04-22','12.00 pm',NULL,202),(613,20,'2014-04-22','12.00 pm',NULL,202),(614,20,'2014-04-23','12.00 pm',NULL,202),(615,20,'2014-04-23','12.00 pm',NULL,202),(616,20,'2014-04-24','12.00 pm',NULL,202),(617,20,'2014-04-24','12.00 pm',NULL,202),(618,20,'2014-04-25','12.00 pm',NULL,202),(619,20,'2014-04-25','12.00 pm',NULL,202),(620,20,'2014-04-26','12.00 pm',NULL,202),(621,20,'2014-04-26','12.00 pm',NULL,202),(622,20,'2014-04-27','12.00 pm',NULL,202),(623,20,'2014-04-27','12.00 pm',NULL,202),(624,20,'2014-04-28','12.00 pm',NULL,202),(625,20,'2014-04-28','12.00 pm',NULL,202),(626,20,'2014-04-29','12.00 pm',NULL,202),(627,20,'2014-04-29','12.00 pm',NULL,202),(628,20,'2014-04-30','12.00 pm',NULL,202),(629,20,'2014-04-30','12.00 pm',NULL,202),(630,20,'2014-05-01','12.00 pm',NULL,202),(631,20,'2014-05-01','12.00 pm',NULL,202),(632,20,'2014-05-02','12.00 pm',NULL,202),(633,20,'2014-05-02','12.00 pm',NULL,202),(634,20,'2014-05-03','12.00 pm',NULL,202),(635,20,'2014-05-03','12.00 pm',NULL,202),(636,20,'2014-05-04','12.00 pm',NULL,202),(637,20,'2014-05-04','12.00 pm',NULL,202),(638,20,'2014-05-05','12.00 pm',NULL,202),(639,20,'2014-05-05','12.00 pm',NULL,202),(640,20,'2014-05-06','12.00 pm',NULL,202),(641,20,'2014-05-06','12.00 pm',NULL,202),(642,20,'2014-05-07','12.00 pm',NULL,202),(643,20,'2014-05-07','12.00 pm',NULL,202),(644,20,'2014-05-08','12.00 pm',NULL,202),(645,20,'2014-05-08','12.00 pm',NULL,202),(646,20,'2014-05-09','12.00 pm',NULL,202),(647,20,'2014-05-09','12.00 pm',NULL,202),(648,20,'2014-05-10','12.00 pm',NULL,202),(649,20,'2014-05-10','12.00 pm',NULL,202),(650,20,'2014-05-11','12.00 pm',NULL,202),(651,20,'2014-05-11','12.00 pm',NULL,202),(652,20,'2014-05-12','12.00 pm',NULL,202),(653,20,'2014-05-12','12.00 pm',NULL,202),(654,20,'2014-05-13','12.00 pm',NULL,202),(655,20,'2014-05-13','12.00 pm',NULL,202),(656,20,'2014-05-14','12.00 pm',NULL,202),(657,20,'2014-05-14','12.00 pm',NULL,202),(658,20,'2014-05-15','12.00 pm',NULL,202),(659,20,'2014-05-15','12.00 pm',NULL,202),(660,20,'2014-05-16','12.00 pm',NULL,202),(661,20,'2014-05-16','12.00 pm',NULL,202),(662,20,'2014-05-17','12.00 pm',NULL,202),(663,20,'2014-05-17','12.00 pm',NULL,202),(664,20,'2014-05-18','12.00 pm',NULL,202),(665,20,'2014-05-18','12.00 pm',NULL,202),(666,20,'2014-05-19','12.00 pm',NULL,202),(667,20,'2014-05-19','12.00 pm',NULL,202),(668,20,'2014-05-20','12.00 pm',NULL,202),(669,20,'2014-05-20','12.00 pm',NULL,202),(670,20,'2014-05-21','12.00 pm',NULL,202),(671,20,'2014-05-21','12.00 pm',NULL,202),(672,20,'2014-05-22','12.00 pm',NULL,202),(673,20,'2014-05-22','12.00 pm',NULL,202),(674,20,'2014-05-23','12.00 pm',NULL,202),(675,20,'2014-05-23','12.00 pm',NULL,202),(676,20,'2014-05-24','12.00 pm',NULL,202),(677,20,'2014-05-24','12.00 pm',NULL,202),(678,20,'2014-05-25','12.00 pm',NULL,202),(679,20,'2014-05-25','12.00 pm',NULL,202),(680,20,'2014-05-26','12.00 pm',NULL,202),(681,20,'2014-05-26','12.00 pm',NULL,202),(682,20,'2014-05-27','12.00 pm',NULL,202),(683,20,'2014-05-27','12.00 pm',NULL,202),(684,20,'2014-05-28','12.00 pm',NULL,202),(685,20,'2014-05-28','12.00 pm',NULL,202),(686,20,'2014-05-29','12.00 pm',NULL,202),(687,20,'2014-05-29','12.00 pm',NULL,202),(688,20,'2014-05-30','12.00 pm',NULL,202),(689,20,'2014-05-30','12.00 pm',NULL,202),(690,20,'2014-05-31','12.00 pm',NULL,202),(691,20,'2014-05-31','12.00 pm',NULL,202),(692,20,'2014-06-01','12.00 pm',NULL,202),(693,20,'2014-06-01','12.00 pm',NULL,202),(694,20,'2014-06-02','12.00 pm',NULL,202),(695,20,'2014-06-02','12.00 pm',NULL,202),(696,20,'2014-06-03','12.00 pm',NULL,202),(697,20,'2014-06-03','12.00 pm',NULL,202),(698,20,'2014-06-04','12.00 pm',NULL,202),(699,20,'2014-06-04','12.00 pm',NULL,202),(700,20,'2014-06-05','12.00 pm',NULL,202),(701,20,'2014-06-05','12.00 pm',NULL,202),(702,20,'2014-06-06','12.00 pm',NULL,202),(703,20,'2014-06-06','12.00 pm',NULL,202),(704,20,'2014-06-07','12.00 pm',NULL,202),(705,20,'2014-06-07','12.00 pm',NULL,202),(706,20,'2014-06-08','12.00 pm',NULL,202),(707,20,'2014-06-08','12.00 pm',NULL,202),(708,20,'2014-06-09','12.00 pm',NULL,202),(709,20,'2014-06-09','12.00 pm',NULL,202),(710,20,'2014-06-10','12.00 pm',NULL,202),(711,20,'2014-06-10','12.00 pm',NULL,202),(712,20,'2014-06-11','12.00 pm',NULL,202),(713,20,'2014-06-11','12.00 pm',NULL,202),(714,20,'2014-06-12','12.00 pm',NULL,202),(715,20,'2014-06-12','12.00 pm',NULL,202),(716,20,'2014-06-13','12.00 pm',NULL,202),(717,20,'2014-06-13','12.00 pm',NULL,202),(718,20,'2014-06-14','12.00 pm',NULL,202),(719,20,'2014-06-14','12.00 pm',NULL,202),(720,20,'2014-06-15','12.00 pm',NULL,202),(721,20,'2014-06-15','12.00 pm',NULL,202),(722,20,'2014-06-16','12.00 pm',NULL,202),(723,20,'2014-06-16','12.00 pm',NULL,202),(724,20,'2014-06-17','12.00 pm',NULL,202),(725,20,'2014-06-17','12.00 pm',NULL,202),(726,20,'2014-06-18','12.00 pm',NULL,202),(727,20,'2014-06-18','12.00 pm',NULL,202),(728,20,'2014-06-19','12.00 pm',NULL,202),(729,20,'2014-06-19','12.00 pm',NULL,202),(730,20,'2014-06-20','12.00 pm',NULL,202),(731,20,'2014-06-20','12.00 pm',NULL,202),(732,20,'2014-06-21','12.00 pm',NULL,202),(733,20,'2014-06-21','12.00 pm',NULL,202),(734,20,'2014-06-22','12.00 pm',NULL,202),(735,20,'2014-06-22','12.00 pm',NULL,202),(736,20,'2014-06-23','12.00 pm',NULL,202),(737,20,'2014-06-23','12.00 pm',NULL,202),(738,20,'2014-06-24','12.00 pm',NULL,202),(739,20,'2014-06-24','12.00 pm',NULL,202),(740,20,'2014-06-25','12.00 pm',NULL,202),(741,20,'2014-06-25','12.00 pm',NULL,202),(742,20,'2014-06-26','12.00 pm',NULL,202),(743,20,'2014-06-26','12.00 pm',NULL,202),(744,20,'2014-06-27','12.00 pm',NULL,202),(745,20,'2014-06-27','12.00 pm',NULL,202),(746,20,'2014-06-28','12.00 pm',NULL,202),(747,20,'2014-06-28','12.00 pm',NULL,202),(748,20,'2014-06-29','12.00 pm',NULL,202),(749,20,'2014-06-29','12.00 pm',NULL,202),(750,20,'2014-06-30','12.00 pm',NULL,202),(751,20,'2014-06-30','12.00 pm',NULL,202),(752,20,'2014-07-01','12.00 pm',NULL,202),(753,20,'2014-07-01','12.00 pm',NULL,202),(754,20,'2014-07-02','12.00 pm',NULL,202),(755,20,'2014-07-02','12.00 pm',NULL,202),(756,20,'2014-07-03','12.00 pm',NULL,202),(757,20,'2014-07-03','12.00 pm',NULL,202),(758,20,'2014-07-04','12.00 pm',NULL,202),(759,20,'2014-07-04','12.00 pm',NULL,202),(760,20,'2014-07-05','12.00 pm',NULL,202),(761,20,'2014-07-05','12.00 pm',NULL,202),(762,20,'2014-07-06','12.00 pm',NULL,202),(763,20,'2014-07-06','12.00 pm',NULL,202),(764,20,'2014-07-07','12.00 pm',NULL,202),(765,20,'2014-07-07','12.00 pm',NULL,202),(766,20,'2014-07-08','12.00 pm',NULL,202),(767,20,'2014-07-08','12.00 pm',NULL,202),(768,20,'2014-07-09','12.00 pm',NULL,202),(769,20,'2014-07-09','12.00 pm',NULL,202),(770,20,'2014-07-10','12.00 pm',NULL,202),(771,20,'2014-07-10','12.00 pm',NULL,202),(772,20,'2014-07-11','12.00 pm',NULL,202),(773,20,'2014-07-11','12.00 pm',NULL,202),(774,20,'2014-07-12','12.00 pm',NULL,202),(775,20,'2014-07-12','12.00 pm',NULL,202),(776,20,'2014-07-13','12.00 pm',NULL,202),(777,20,'2014-07-13','12.00 pm',NULL,202),(778,20,'2014-07-14','12.00 pm',NULL,202),(779,20,'2014-07-14','12.00 pm',NULL,202),(780,20,'2014-07-15','12.00 pm',NULL,202),(781,20,'2014-07-15','12.00 pm',NULL,202),(782,20,'2014-07-16','12.00 pm',NULL,202),(783,20,'2014-07-16','12.00 pm',NULL,202),(784,20,'2014-07-17','12.00 pm',NULL,202),(785,20,'2014-07-17','12.00 pm',NULL,202),(786,20,'2014-07-18','12.00 pm',NULL,202),(787,20,'2014-07-18','12.00 pm',NULL,202),(788,20,'2014-07-19','12.00 pm',NULL,202),(789,20,'2014-07-19','12.00 pm',NULL,202),(790,20,'2014-07-20','12.00 pm',NULL,202),(791,20,'2014-07-20','12.00 pm',NULL,202),(792,20,'2014-07-21','12.00 pm',NULL,202),(793,20,'2014-07-21','12.00 pm',NULL,202),(794,20,'2014-07-22','12.00 pm',NULL,202),(795,20,'2014-07-22','12.00 pm',NULL,202),(796,20,'2014-07-23','12.00 pm',NULL,202),(797,20,'2014-07-23','12.00 pm',NULL,202),(798,20,'2014-07-24','12.00 pm',NULL,202),(799,20,'2014-07-24','12.00 pm',NULL,202),(800,20,'2014-07-25','12.00 pm',NULL,202),(801,20,'2014-07-25','12.00 pm',NULL,202),(802,20,'2014-07-26','12.00 pm',NULL,202),(803,20,'2014-07-26','12.00 pm',NULL,202),(804,20,'2014-07-27','12.00 pm',NULL,202),(805,20,'2014-07-27','12.00 pm',NULL,202),(806,20,'2014-07-28','12.00 pm',NULL,202),(807,20,'2014-07-28','12.00 pm',NULL,202),(808,20,'2014-07-29','12.00 pm',NULL,202),(809,20,'2014-07-29','12.00 pm',NULL,202),(810,20,'2014-07-30','12.00 pm',NULL,202),(811,20,'2014-07-30','12.00 pm',NULL,202),(812,20,'2014-07-31','12.00 pm',NULL,202),(813,20,'2014-07-31','12.00 pm',NULL,202),(814,20,'2014-08-01','12.00 pm',NULL,202),(815,20,'2014-08-01','12.00 pm',NULL,202),(816,20,'2014-08-02','12.00 pm',NULL,202),(817,20,'2014-08-02','12.00 pm',NULL,202),(818,20,'2014-08-03','12.00 pm',NULL,202),(819,20,'2014-08-03','12.00 pm',NULL,202),(820,20,'2014-08-04','12.00 pm',NULL,202),(821,20,'2014-08-04','12.00 pm',NULL,202),(822,20,'2014-08-05','12.00 pm',NULL,202),(823,20,'2014-08-05','12.00 pm',NULL,202),(824,20,'2014-08-06','12.00 pm',NULL,202),(825,20,'2014-08-06','12.00 pm',NULL,202),(826,20,'2014-08-07','12.00 pm',NULL,202),(827,20,'2014-08-07','12.00 pm',NULL,202),(828,20,'2014-08-08','12.00 pm',NULL,202),(829,20,'2014-08-08','12.00 pm',NULL,202),(830,20,'2014-08-09','12.00 pm',NULL,202),(831,20,'2014-08-09','12.00 pm',NULL,202),(832,20,'2014-08-10','12.00 pm',NULL,202),(833,20,'2014-08-10','12.00 pm',NULL,202),(834,20,'2014-08-11','12.00 pm',NULL,202),(835,20,'2014-08-11','12.00 pm',NULL,202),(836,20,'2014-08-12','12.00 pm',NULL,202),(837,20,'2014-08-12','12.00 pm',NULL,202),(838,20,'2014-08-13','12.00 pm',NULL,202),(839,20,'2014-08-13','12.00 pm',NULL,202),(840,20,'2014-08-14','12.00 pm',NULL,202),(841,20,'2014-08-14','12.00 pm',NULL,202),(842,20,'2014-08-15','12.00 pm',NULL,202),(843,20,'2014-08-15','12.00 pm',NULL,202),(844,20,'2014-08-16','12.00 pm',NULL,202),(845,20,'2014-08-16','12.00 pm',NULL,202),(846,20,'2014-08-17','12.00 pm',NULL,202),(847,20,'2014-08-17','12.00 pm',NULL,202),(848,20,'2014-08-18','12.00 pm',NULL,202),(849,20,'2014-08-18','12.00 pm',NULL,202),(850,20,'2014-08-19','12.00 pm',NULL,202),(851,20,'2014-08-19','12.00 pm',NULL,202),(852,20,'2014-08-20','12.00 pm',NULL,202),(853,20,'2014-08-20','12.00 pm',NULL,202),(854,20,'2014-08-21','12.00 pm',NULL,202),(855,20,'2014-08-21','12.00 pm',NULL,202),(856,20,'2014-08-22','12.00 pm',NULL,202),(857,20,'2014-08-22','12.00 pm',NULL,202),(858,20,'2014-08-23','12.00 pm',NULL,202),(859,20,'2014-08-23','12.00 pm',NULL,202),(860,20,'2014-08-24','12.00 pm',NULL,202),(861,20,'2014-08-24','12.00 pm',NULL,202),(862,20,'2014-08-25','12.00 pm',NULL,202),(863,20,'2014-08-25','12.00 pm',NULL,202),(864,20,'2014-08-26','12.00 pm',NULL,202),(865,20,'2014-08-26','12.00 pm',NULL,202),(866,20,'2014-08-27','12.00 pm',NULL,202),(867,20,'2014-08-27','12.00 pm',NULL,202),(868,20,'2014-08-28','12.00 pm',NULL,202),(869,20,'2014-08-28','12.00 pm',NULL,202),(870,20,'2014-08-29','12.00 pm',NULL,202),(871,20,'2014-08-29','12.00 pm',NULL,202),(872,20,'2014-08-30','12.00 pm',NULL,202),(873,20,'2014-08-30','12.00 pm',NULL,202),(874,20,'2014-08-31','12.00 pm',NULL,202),(875,20,'2014-08-31','12.00 pm',NULL,202),(876,20,'2014-09-01','12.00 pm',NULL,202),(877,20,'2014-09-01','12.00 pm',NULL,202),(878,20,'2014-09-02','12.00 pm',NULL,202),(879,20,'2014-09-02','12.00 pm',NULL,202),(880,20,'2014-09-03','12.00 pm',NULL,202),(881,20,'2014-09-03','12.00 pm',NULL,202),(882,20,'2014-09-04','12.00 pm',NULL,202),(883,20,'2014-09-04','12.00 pm',NULL,202),(884,20,'2014-09-05','12.00 pm',NULL,202),(885,20,'2014-09-05','12.00 pm',NULL,202),(886,20,'2014-09-06','12.00 pm',NULL,202),(887,20,'2014-09-06','12.00 pm',NULL,202),(888,20,'2014-09-07','12.00 pm',NULL,202),(889,20,'2014-09-07','12.00 pm',NULL,202),(890,20,'2014-09-08','12.00 pm',NULL,202),(891,20,'2014-09-08','12.00 pm',NULL,202),(892,20,'2014-09-09','12.00 pm',NULL,202),(893,20,'2014-09-09','12.00 pm',NULL,202),(894,20,'2014-09-10','12.00 pm',NULL,202),(895,20,'2014-09-10','12.00 pm',NULL,202),(896,20,'2014-09-11','12.00 pm',NULL,202),(897,20,'2014-09-11','12.00 pm',NULL,202),(898,20,'2014-09-12','12.00 pm',NULL,202),(899,20,'2014-09-12','12.00 pm',NULL,202),(900,20,'2014-09-13','12.00 pm',NULL,202),(901,20,'2014-09-13','12.00 pm',NULL,202),(902,20,'2014-09-14','12.00 pm',NULL,202),(903,20,'2014-09-14','12.00 pm',NULL,202),(904,20,'2014-09-15','12.00 pm',NULL,202),(905,20,'2014-09-15','12.00 pm',NULL,202),(906,20,'2014-09-16','12.00 pm',NULL,202),(907,20,'2014-09-16','12.00 pm',NULL,202),(908,20,'2014-09-17','12.00 pm',NULL,202),(909,20,'2014-09-17','12.00 pm',NULL,202),(910,20,'2014-09-18','12.00 pm',NULL,202),(911,20,'2014-09-18','12.00 pm',NULL,202),(912,20,'2014-09-19','12.00 pm',NULL,202),(913,20,'2014-09-19','12.00 pm',NULL,202),(914,20,'2014-09-20','12.00 pm',NULL,202),(915,20,'2014-09-20','12.00 pm',NULL,202),(916,20,'2014-09-21','12.00 pm',NULL,202),(917,20,'2014-09-21','12.00 pm',NULL,202),(918,20,'2014-09-22','12.00 pm',NULL,202),(919,20,'2014-09-22','12.00 pm',NULL,202),(920,20,'2014-09-23','12.00 pm',NULL,202),(921,20,'2014-09-23','12.00 pm',NULL,202),(922,20,'2014-09-24','12.00 pm',NULL,202),(923,20,'2014-09-24','12.00 pm',NULL,202),(924,20,'2014-09-25','12.00 pm',NULL,202),(925,20,'2014-09-25','12.00 pm',NULL,202),(926,20,'2014-09-26','12.00 pm',NULL,202),(927,20,'2014-09-26','12.00 pm',NULL,202),(928,20,'2014-09-27','12.00 pm',NULL,202),(929,20,'2014-09-27','12.00 pm',NULL,202),(930,20,'2014-09-28','12.00 pm',NULL,202),(931,20,'2014-09-28','12.00 pm',NULL,202),(932,20,'2014-09-29','12.00 pm',NULL,202),(933,20,'2014-09-29','12.00 pm',NULL,202),(934,20,'2014-09-30','12.00 pm',NULL,202),(935,20,'2014-09-30','12.00 pm',NULL,202),(936,20,'2014-10-01','12.00 pm',NULL,202),(937,20,'2014-10-01','12.00 pm',NULL,202),(938,20,'2014-10-02','12.00 pm',NULL,202),(939,20,'2014-10-02','12.00 pm',NULL,202),(940,20,'2014-10-03','12.00 pm',NULL,202),(941,20,'2014-10-03','12.00 pm',NULL,202),(942,20,'2014-10-04','12.00 pm',NULL,202),(943,20,'2014-10-04','12.00 pm',NULL,202),(944,20,'2014-10-05','12.00 pm',NULL,202),(945,20,'2014-10-05','12.00 pm',NULL,202),(946,20,'2014-10-06','12.00 pm',NULL,202),(947,20,'2014-10-06','12.00 pm',NULL,202),(948,20,'2014-10-07','12.00 pm',NULL,202),(949,20,'2014-10-07','12.00 pm',NULL,202),(950,20,'2014-10-08','12.00 pm',NULL,202),(951,20,'2014-10-08','12.00 pm',NULL,202),(952,20,'2014-10-09','12.00 pm',NULL,202),(953,20,'2014-10-09','12.00 pm',NULL,202),(954,20,'2014-10-10','12.00 pm',NULL,202),(955,20,'2014-10-10','12.00 pm',NULL,202),(956,20,'2014-10-11','12.00 pm',NULL,202),(957,20,'2014-10-11','12.00 pm',NULL,202),(958,20,'2014-10-12','12.00 pm',NULL,202),(959,20,'2014-10-12','12.00 pm',NULL,202),(960,20,'2014-10-13','12.00 pm',NULL,202),(961,20,'2014-10-13','12.00 pm',NULL,202),(962,20,'2014-10-14','12.00 pm',NULL,202),(963,20,'2014-10-14','12.00 pm',NULL,202),(964,20,'2014-10-15','12.00 pm',NULL,202),(965,20,'2014-10-15','12.00 pm',NULL,202),(966,20,'2014-10-16','12.00 pm',NULL,202),(967,20,'2014-10-16','12.00 pm',NULL,202),(968,20,'2014-04-15','12.00 pm',NULL,200),(969,20,'2014-04-16','12.00 pm',NULL,200),(970,20,'2014-04-17','12.00 pm',NULL,200),(971,20,'2014-04-18','12.00 pm',NULL,200),(972,20,'2014-04-19','12.00 pm',NULL,200),(1000,20,'2014-04-15','12.00 pm',20.47,200),(1001,20,'2014-04-16','12.00 pm',20.47,200),(1002,20,'2014-04-17','12.00 pm',20.47,200),(1003,20,'2014-04-18','12.00 pm',20.47,200),(1004,20,'2014-04-19','12.00 pm',20.47,200),(1005,20,'2014-04-26','12.00 pm',100,211),(1006,20,'2014-04-26','9.00 pm',100,211),(1007,20,'2014-04-27','12.00 pm',100,211),(1008,20,'2014-04-27','9.00 pm',100,211),(1009,20,'2014-04-28','12.00 pm',100,211),(1010,20,'2014-04-28','9.00 pm',100,211),(1011,20,'2014-04-29','12.00 pm',100,211),(1012,20,'2014-04-29','9.00 pm',100,211),(1013,20,'2014-04-30','12.00 pm',100,211),(1014,20,'2014-04-30','9.00 pm',100,211),(1015,20,'2014-04-26','3.00 pm',200,209),(1016,20,'2014-04-26','9.00 pm',200,209),(1017,20,'2014-04-27','3.00 pm',200,209),(1018,20,'2014-04-27','9.00 pm',200,209),(1019,15,'2014-04-28','3.00 pm',200,209),(1020,16,'2014-04-28','9.00 pm',200,209),(1021,11,'2014-04-29','3.00 pm',200,209),(1022,20,'2014-04-29','9.00 pm',200,209),(1023,20,'2014-04-30','3.00 pm',200,209),(1024,17,'2014-04-30','9.00 pm',200,209),(1025,20,'2014-05-01','3.00 pm',200,209),(1026,20,'2014-05-01','9.00 pm',200,209),(1027,20,'2014-05-02','3.00 pm',200,209),(1028,20,'2014-05-02','9.00 pm',200,209),(1029,20,'2014-05-03','3.00 pm',200,209),(1030,20,'2014-05-03','9.00 pm',200,209),(1031,20,'2014-04-17','12.00 pm',400,204),(1032,20,'2014-04-18','12.00 pm',400,204),(1033,20,'2014-04-19','12.00 pm',400,204),(1034,20,'2014-04-20','12.00 pm',400,204),(1035,20,'2014-04-21','12.00 pm',400,204),(1036,20,'2014-04-22','12.00 pm',400,204),(1037,20,'2014-04-23','12.00 pm',400,204),(1038,20,'2014-04-24','12.00 pm',400,204),(1039,20,'2014-04-25','12.00 pm',400,204),(1040,20,'2014-04-26','12.00 pm',400,204),(1041,20,'2014-04-27','12.00 pm',400,204),(1042,20,'2014-04-28','12.00 pm',400,204),(1043,20,'2014-04-29','12.00 pm',400,204),(1044,20,'2014-04-30','12.00 pm',400,204),(1045,20,'2014-05-01','12.00 pm',400,204),(1046,20,'2014-05-02','12.00 pm',400,204),(1047,20,'2014-05-03','12.00 pm',400,204),(1048,20,'2014-05-04','12.00 pm',400,204),(1049,20,'2014-05-05','12.00 pm',400,204),(1050,20,'2014-05-06','12.00 pm',400,204),(1051,20,'2014-05-07','12.00 pm',400,204),(1052,20,'2014-05-08','12.00 pm',400,204),(1053,20,'2014-05-09','12.00 pm',400,204),(1054,20,'2014-05-10','12.00 pm',400,204),(1055,20,'2014-05-11','12.00 pm',400,204),(1056,20,'2014-05-17','3.00 pm',30,210),(1057,20,'2014-05-18','3.00 pm',30,210),(1058,20,'2014-05-19','3.00 pm',30,210),(1059,20,'2014-05-20','3.00 pm',30,210),(1060,20,'2014-05-21','3.00 pm',30,210),(1061,20,'2014-05-22','3.00 pm',30,210),(1062,20,'2014-05-23','3.00 pm',30,210),(1063,20,'2014-05-24','3.00 pm',30,210),(1064,20,'2014-05-25','3.00 pm',30,210),(1065,20,'2014-05-26','3.00 pm',30,210),(1066,20,'2014-05-27','3.00 pm',30,210),(1067,20,'2014-05-28','3.00 pm',30,210),(1068,20,'2014-05-29','3.00 pm',30,210),(1069,20,'2014-05-30','3.00 pm',30,210),(1070,20,'2014-05-31','3.00 pm',30,210),(1071,20,'2014-06-01','3.00 pm',30,210),(1072,20,'2014-06-02','3.00 pm',30,210),(1073,20,'2014-06-03','3.00 pm',30,210),(1074,20,'2014-06-04','3.00 pm',30,210),(1075,20,'2014-06-05','3.00 pm',30,210),(1076,20,'2014-06-06','3.00 pm',30,210),(1077,20,'2014-06-07','3.00 pm',30,210),(1078,20,'2014-05-01','12.00 pm',200,212),(1079,20,'2014-05-01','6.00 pm',200,212),(1080,20,'2014-05-01','3.00 pm',200,212),(1081,20,'2014-05-01','9.00 pm',200,212),(1082,20,'2014-05-02','12.00 pm',200,212),(1083,20,'2014-05-02','6.00 pm',200,212),(1084,20,'2014-05-02','3.00 pm',200,212),(1085,20,'2014-05-02','9.00 pm',200,212),(1086,20,'2014-05-03','12.00 pm',200,212),(1087,20,'2014-05-03','6.00 pm',200,212),(1088,20,'2014-05-03','3.00 pm',200,212),(1089,20,'2014-05-03','9.00 pm',200,212),(1090,20,'2014-05-04','12.00 pm',200,212),(1091,20,'2014-05-04','6.00 pm',200,212),(1092,20,'2014-05-04','3.00 pm',200,212),(1093,20,'2014-05-04','9.00 pm',200,212),(1094,20,'2014-05-05','12.00 pm',200,212),(1095,20,'2014-05-05','6.00 pm',200,212),(1096,20,'2014-05-05','3.00 pm',200,212),(1097,20,'2014-05-05','9.00 pm',200,212),(1098,20,'2014-05-06','12.00 pm',200,212),(1099,20,'2014-05-06','6.00 pm',200,212),(1100,20,'2014-05-06','3.00 pm',200,212),(1101,20,'2014-05-06','9.00 pm',200,212),(1102,20,'2014-05-07','12.00 pm',200,212),(1103,20,'2014-05-07','6.00 pm',200,212),(1104,20,'2014-05-07','3.00 pm',200,212),(1105,20,'2014-05-07','9.00 pm',200,212),(1106,20,'2014-05-08','12.00 pm',200,212),(1107,20,'2014-05-08','6.00 pm',200,212),(1108,20,'2014-05-08','3.00 pm',200,212),(1109,20,'2014-05-08','9.00 pm',200,212),(1110,20,'2014-05-09','12.00 pm',200,212),(1111,20,'2014-05-09','6.00 pm',200,212),(1112,20,'2014-05-09','3.00 pm',200,212),(1113,20,'2014-05-09','9.00 pm',200,212),(1114,20,'2014-05-10','12.00 pm',200,212),(1115,20,'2014-05-10','6.00 pm',200,212),(1116,20,'2014-05-10','3.00 pm',200,212),(1117,20,'2014-05-10','9.00 pm',200,212),(1118,20,'2014-05-11','12.00 pm',200,212),(1119,20,'2014-05-11','6.00 pm',200,212),(1120,20,'2014-05-11','3.00 pm',200,212),(1121,20,'2014-05-11','9.00 pm',200,212),(1122,20,'2014-05-12','12.00 pm',200,212),(1123,20,'2014-05-12','6.00 pm',200,212),(1124,20,'2014-05-12','3.00 pm',200,212),(1125,20,'2014-05-12','9.00 pm',200,212),(1126,20,'2014-05-13','12.00 pm',200,212),(1127,20,'2014-05-13','6.00 pm',200,212),(1128,20,'2014-05-13','3.00 pm',200,212),(1129,20,'2014-05-13','9.00 pm',200,212),(1130,20,'2014-05-14','12.00 pm',200,212),(1131,20,'2014-05-14','6.00 pm',200,212),(1132,20,'2014-05-14','3.00 pm',200,212),(1133,20,'2014-05-14','9.00 pm',200,212),(1134,20,'2014-05-15','12.00 pm',200,212),(1135,20,'2014-05-15','6.00 pm',200,212),(1136,20,'2014-05-15','3.00 pm',200,212),(1137,20,'2014-05-15','9.00 pm',200,212),(1138,20,'2014-05-16','12.00 pm',200,212),(1139,20,'2014-05-16','6.00 pm',200,212),(1140,20,'2014-05-16','3.00 pm',200,212),(1141,20,'2014-05-16','9.00 pm',200,212),(1142,20,'2014-05-17','12.00 pm',200,212),(1143,20,'2014-05-17','6.00 pm',200,212),(1144,20,'2014-05-17','3.00 pm',200,212),(1145,20,'2014-05-17','9.00 pm',200,212),(1146,20,'2014-05-18','12.00 pm',200,212),(1147,20,'2014-05-18','6.00 pm',200,212),(1148,20,'2014-05-18','3.00 pm',200,212),(1149,20,'2014-05-18','9.00 pm',200,212),(1150,20,'2014-05-19','12.00 pm',200,212),(1151,20,'2014-05-19','6.00 pm',200,212),(1152,20,'2014-05-19','3.00 pm',200,212),(1153,20,'2014-05-19','9.00 pm',200,212),(1154,20,'2014-05-20','12.00 pm',200,212),(1155,20,'2014-05-20','6.00 pm',200,212),(1156,20,'2014-05-20','3.00 pm',200,212),(1157,20,'2014-05-20','9.00 pm',200,212),(1158,20,'2014-05-21','12.00 pm',200,212),(1159,20,'2014-05-21','6.00 pm',200,212),(1160,20,'2014-05-21','3.00 pm',200,212),(1161,20,'2014-05-21','9.00 pm',200,212),(1162,20,'2014-05-22','12.00 pm',200,212),(1163,20,'2014-05-22','6.00 pm',200,212),(1164,20,'2014-05-22','3.00 pm',200,212),(1165,20,'2014-05-22','9.00 pm',200,212),(1166,20,'2014-05-23','12.00 pm',200,212),(1167,20,'2014-05-23','6.00 pm',200,212),(1168,20,'2014-05-23','3.00 pm',200,212),(1169,20,'2014-05-23','9.00 pm',200,212),(1170,20,'2014-05-24','12.00 pm',200,212),(1171,20,'2014-05-24','6.00 pm',200,212),(1172,20,'2014-05-24','3.00 pm',200,212),(1173,20,'2014-05-24','9.00 pm',200,212),(1174,20,'2014-05-25','12.00 pm',200,212),(1175,20,'2014-05-25','6.00 pm',200,212),(1176,20,'2014-05-25','3.00 pm',200,212),(1177,20,'2014-05-25','9.00 pm',200,212),(1178,20,'2014-05-26','12.00 pm',200,212),(1179,20,'2014-05-26','6.00 pm',200,212),(1180,20,'2014-05-26','3.00 pm',200,212),(1181,20,'2014-05-26','9.00 pm',200,212),(1182,20,'2014-05-27','12.00 pm',200,212),(1183,20,'2014-05-27','6.00 pm',200,212),(1184,20,'2014-05-27','3.00 pm',200,212),(1185,20,'2014-05-27','9.00 pm',200,212),(1186,20,'2014-05-28','12.00 pm',200,212),(1187,20,'2014-05-28','6.00 pm',200,212),(1188,20,'2014-05-28','3.00 pm',200,212),(1189,20,'2014-05-28','9.00 pm',200,212),(1190,20,'2014-05-29','12.00 pm',200,212),(1191,20,'2014-05-29','6.00 pm',200,212),(1192,20,'2014-05-29','3.00 pm',200,212),(1193,20,'2014-05-29','9.00 pm',200,212),(1194,20,'2014-05-30','12.00 pm',200,212),(1195,20,'2014-05-30','6.00 pm',200,212),(1196,20,'2014-05-30','3.00 pm',200,212),(1197,20,'2014-05-30','9.00 pm',200,212),(1198,20,'2014-05-31','12.00 pm',200,212),(1199,20,'2014-05-31','6.00 pm',200,212),(1200,20,'2014-05-31','3.00 pm',200,212),(1201,20,'2014-05-31','9.00 pm',200,212);
/*!40000 ALTER TABLE `Showtime` ENABLE KEYS */;
UNLOCK TABLES;

--
-- Table structure for table `Ticket`
--

DROP TABLE IF EXISTS `Ticket`;
/*!40101 SET @saved_cs_client     = @@character_set_client */;
/*!40101 SET character_set_client = utf8 */;
CREATE TABLE `Ticket` (
  `TICKET_ID` int(11) NOT NULL AUTO_INCREMENT,
  `booking_BOOKING_ID` int(11) DEFAULT NULL,
  `SHOWTIME_ID` int(11) DEFAULT NULL,
  `BOOKING_ID` int(11) DEFAULT NULL,
  PRIMARY KEY (`TICKET_ID`),
  KEY `FK_erol0dq93je72obfuc380vabo` (`booking_BOOKING_ID`),
  KEY `FK_yu65ke7hbij9kkpscw3t10ac` (`SHOWTIME_ID`),
  KEY `FK_l5y9fir98d3b7bllyj5nei4w4` (`BOOKING_ID`),
  CONSTRAINT `booking_BOOKING_ID` FOREIGN KEY (`booking_BOOKING_ID`) REFERENCES `Bookings` (`BOOKING_ID`) ON DELETE NO ACTION ON UPDATE NO ACTION
) ENGINE=InnoDB AUTO_INCREMENT=230 DEFAULT CHARSET=latin1;
/*!40101 SET character_set_client = @saved_cs_client */;

--
-- Dumping data for table `Ticket`
--

LOCK TABLES `Ticket` WRITE;
/*!40000 ALTER TABLE `Ticket` DISABLE KEYS */;
INSERT INTO `Ticket` VALUES (100,105,608,NULL),(101,105,608,NULL),(200,106,608,NULL),(202,106,608,NULL),(203,106,608,NULL),(206,107,608,NULL),(207,107,608,NULL),(208,107,608,NULL),(209,108,1019,NULL),(210,108,1019,NULL),(211,108,1019,NULL),(212,108,1019,NULL),(213,108,1019,NULL),(214,109,1021,NULL),(215,109,1021,NULL),(216,109,1021,NULL),(217,110,1021,NULL),(218,110,1021,NULL),(219,110,1021,NULL),(220,111,1020,NULL),(221,111,1020,NULL),(222,111,1020,NULL),(223,111,1020,NULL),(224,112,1021,NULL),(225,112,1021,NULL),(226,112,1021,NULL),(227,113,1024,NULL),(228,113,1024,NULL),(229,113,1024,NULL);
/*!40000 ALTER TABLE `Ticket` ENABLE KEYS */;
UNLOCK TABLES;

--
-- Table structure for table `User`
--

DROP TABLE IF EXISTS `User`;
/*!40101 SET @saved_cs_client     = @@character_set_client */;
/*!40101 SET character_set_client = utf8 */;
CREATE TABLE `User` (
  `USER_ID` varchar(255) NOT NULL,
  `dob` date DEFAULT NULL,
  `firstName` varchar(255) NOT NULL,
  `lastName` varchar(255) DEFAULT NULL,
  `password` varchar(255) NOT NULL,
  `role` varchar(255) DEFAULT NULL,
  PRIMARY KEY (`USER_ID`)
) ENGINE=InnoDB DEFAULT CHARSET=latin1;
/*!40101 SET character_set_client = @saved_cs_client */;

--
-- Dumping data for table `User`
--

LOCK TABLES `User` WRITE;
/*!40000 ALTER TABLE `User` DISABLE KEYS */;
INSERT INTO `User` VALUES ('admin@gmail.com','2014-01-01','admin','admin','admin','admin'),('choudhary.su@husky.neu.edu','2013-10-15','Suraj','Choudhary','choudhary','customer'),('dummy@gmail.com','2014-04-14','dummy','dummy','dummy','customer'),('surajc0309@gmail.com','2014-04-20','suraj','choud','done','customer'),('test@gmail.com','2014-04-14','test','test','test','admin');
/*!40000 ALTER TABLE `User` ENABLE KEYS */;
UNLOCK TABLES;
/*!40103 SET TIME_ZONE=@OLD_TIME_ZONE */;

/*!40101 SET SQL_MODE=@OLD_SQL_MODE */;
/*!40014 SET FOREIGN_KEY_CHECKS=@OLD_FOREIGN_KEY_CHECKS */;
/*!40014 SET UNIQUE_CHECKS=@OLD_UNIQUE_CHECKS */;
/*!40101 SET CHARACTER_SET_CLIENT=@OLD_CHARACTER_SET_CLIENT */;
/*!40101 SET CHARACTER_SET_RESULTS=@OLD_CHARACTER_SET_RESULTS */;
/*!40101 SET COLLATION_CONNECTION=@OLD_COLLATION_CONNECTION */;
/*!40111 SET SQL_NOTES=@OLD_SQL_NOTES */;

-- Dump completed on 2014-04-22 19:39:20
